PRAGMA foreign_keys = ON;

/* ----------  Professor  ---------- */
INSERT INTO Professor (IDProfessor, Name) VALUES
  (1, "V.R."),
  (2, "C.G."),
  (3, "A.R.V."),
  (4, "S.C."),
  (5, "A.P."),
  (6, "R.S."),
  (7, "C.N."),
  (8, "L.G."),
  (9, "boh 2"),
  (10, "boh 3");

/* ----------  Courses  ---------- */
INSERT INTO Courses (IDCourse, IDProfessor, Name) VALUES
  -- Oss: ogni corso è lo stesso per ogni anno, ma vanno comunque separati

  (1100, 1, "LINGUA E LETTERATURA ITALIANA"),
  (1201, 2, "PRIMA LINGUA STRANIERA (INGLESE)"),
  (1202, 3, "SECONDA LINGUA STRANIERA (TEDESCO)"),
  (1203, 4, "TERZA LINGUA STRANIERA (RUSSO)"),
  (1301, 5, "STORIA"),
  (1302, 5, "FILOSOFIA"),
  (1401, 6, "MATEMATICA"),
  (1402, 6, "FISICA"),
  (1403, 7, "SCIENZE NATURALI"),
  (1303, 8, "STORIA DELL'ARTE"),
  (1501, 9, "SCIENZE E MOTORIE SPORTIVE (ANNO I)"),
  (1601, 10, "RELIGIONE CATTOCIA O ATTIVITA' ALTERNATIVE"),

  (2100, 1, "LINGUA E LETTERATURA ITALIANA"),
  (2201, 2, "PRIMA LINGUA STRANIERA (INGLESE)"),
  (2202, 3, "SECONDA LINGUA STRANIERA (TEDESCO)"),
  (2203, 4, "TERZA LINGUA STRANIERA (RUSSO)"),
  (2301, 5, "STORIA"),
  (2302, 5, "FILOSOFIA"),
  (2401, 6, "MATEMATICA"),
  (2402, 6, "FISICA"),
  (2403, 7, "SCIENZE NATURALI"),
  (2303, 8, "STORIA DELL'ARTE"),
  (2501, 9, "SCIENZE E MOTORIE SPORTIVE (ANNO II)"),
  (2601, 10, "RELIGIONE CATTOCIA O ATTIVITA' ALTERNATIVE"),
  
  (3100, 1, "LINGUA E LETTERATURA ITALIANA"),
  (3201, 2, "PRIMA LINGUA STRANIERA (INGLESE)"),
  (3202, 3, "SECONDA LINGUA STRANIERA (TEDESCO)"),
  (3203, 4, "TERZA LINGUA STRANIERA (RUSSO)"),
  (3301, 5, "STORIA"),
  (3302, 5, "FILOSOFIA"),
  (3401, 6, "MATEMATICA"),
  (3402, 6, "FISICA"),
  (3403, 7, "SCIENZE NATURALI"),
  (3303, 8, "STORIA DELL'ARTE"),
  (3501, 9, "SCIENZE E MOTORIE SPORTIVE (ANNO III)"),
  (3601, 10, "RELIGIONE CATTOCIA O ATTIVITA' ALTERNATIVE");

  
/* ----------  Session  ---------- */
INSERT INTO Session (IDSession, Hours, IDCourse) VALUES
  (0, 2, 1100),
  (1, 2, 1100),
  (2, 2, 1201),
  (3, 1, 1201),
  (4, 2, 1202),
  (5, 1, 1202),
  (6, 1, 1202),
  (7, 2, 1203),
  (8, 1, 1203),
  (9, 1, 1203),
  (10, 1, 1301),
  (11, 1, 1301),
  (12, 1, 1302),
  (13, 1, 1302),
  (14, 1, 1401),
  (15, 1, 1401),
  (16, 1, 1402),
  (17, 1, 1402),
  (18, 1, 1403),
  (19, 1, 1403),
  (20, 1, 1303),
  (21, 1, 1303),
  (22, 2, 1501),
  (23, 1, 1601),
  (24, 2, 2100),
  (25, 2, 2100),
  (26, 2, 2201),
  (27, 1, 2201),
  (28, 2, 2202),
  (29, 1, 2202),
  (30, 1, 2202),
  (31, 2, 2203),
  (32, 1, 2203),
  (33, 1, 2203),
  (34, 1, 2301),
  (35, 1, 2301),
  (36, 1, 2302),
  (37, 1, 2302),
  (38, 1, 2401),
  (39, 1, 2401),
  (40, 1, 2402),
  (41, 1, 2402),
  (42, 1, 2403),
  (43, 1, 2403),
  (44, 1, 2303),
  (45, 1, 2303),
  (46, 2, 2501),
  (47, 1, 2601),
  (48, 3, 3100),
  (49, 1, 3100),
  (50, 3, 3201),
  (51, 3, 3202),
  (52, 1, 3202),
  (53, 3, 3203),
  (54, 1, 3203),
  (55, 2, 3301),
  (56, 1, 3302),
  (57, 1, 3302),
  (58, 1, 3401),
  (59, 1, 3401),
  (60, 1, 3402),
  (61, 1, 3402),
  (62, 1, 3403),
  (63, 1, 3403),
  (64, 1, 3303),
  (65, 1, 3303),
  (66, 2, 3501),
  (67, 1, 3601);

/* ----------  CdS (degree programmes)  ---------- */
INSERT INTO CdS (IDCdS, NameCdS, NumStudents) VALUES
  (1, 'CLASSE 3B', 20),
  (2, 'CLASSE 4B', 22),
  (3, 'CLASSE 5B',  18);

/* ----------  CourseCdS (junction table)  ---------- */
INSERT INTO CourseCdS (IDCourse, IDCdS) VALUES
  (1100, 1),
  (1201, 1),
  (1202, 1),
  (1203, 1),
  (1301, 1),
  (1302, 1),
  (1401, 1),
  (1402, 1),
  (1403, 1),
  (1303, 1),
  (1501, 1),
  (1601, 1),

  (2100, 2),
  (2201, 2),
  (2202, 2),
  (2203, 2),
  (2301, 2),
  (2302, 2),
  (2401, 2),
  (2402, 2),
  (2403, 2),
  (2303, 2),
  (2501, 2),
  (2601, 2),

  (3100, 3),
  (3201, 3),
  (3202, 3),
  (3203, 3),
  (3301, 3),
  (3302, 3),
  (3401, 3),
  (3402, 3),
  (3403, 3),
  (3303, 3),
  (3501, 3),
  (3601, 3);

/* ----------  Rooms  ---------- */
INSERT INTO Rooms (IDRoom, Capacity, Name) VALUES
  (1, 30, "ANNO III"),
  (2, 30, "ANNO IV"),
  (3, 30, "ANNO V"),
  (4, 30, "PALESTRA");